,cv_mean,cv_std,rmse,rsquare
Ridge,0.10416200316243651,0.004730417293771663,0.07826178479131046,0.9619943878335112
